{"ID":[1,3,3,4,5,6,7,8,9,10,11,12,13,14,15,16,17,18,19,20,21,22,23,24,25,26,27,28,29,30,31,32,33,34,35,36,37,38,39,40,41,42,43,44,45,46,47,48,49,50,51,52,51],"EnemyLiveStatus":[1,1,1,1,1,1,1,1,1,1,1,1,1,1,1,1,1,0,1,1,1,1,0,1,1,1,1,1,0,0,0,1,1,1,1,1,1,1,1,0,0,1,1,1,1,1,1,1,1,0,0,1,0],"Pos_x":[-106.4000015258789,-37.5,-37.5,94.88999938964844,54.0,209.0,193.89999389648438,203.39999389648438,159.0,143.89999389648438,153.39999389648438,-237.5,93.5999984741211,165.5,165.5,143.60000610351563,42.34856414794922,2.0399999618530275,37.34856414794922,2.680000066757202,-155.11000061035157,15.5,-15.5,43.5,-237.5,-184.5,-184.5,-204.1999969482422,-100.0,-197.9600067138672,-141.41000366210938,159.0,143.89999389648438,153.39999389648438,-191.0,-206.10000610351563,-196.60000610351563,104.0,143.60000610351563,0.0,55.59000015258789,59.0,43.900001525878909,53.400001525878909,-112.65137481689453,-141.0,-156.10000610351563,-146.60000610351563,-62.65143585205078,-147.9600067138672,0.0,193.60000610351563,0.0],"Pos_y":[51.0,-99.0999984741211,-112.94999694824219,99.0,-4.25,5.187299728393555,-10.0,-10.0,5.187299728393555,-10.0,-10.0,-12.950000762939454,1.0,54.900001525878909,34.00812911987305,101.0,-62.0,52.7599983215332,88.0,102.76622009277344,49.0,-45.099998474121097,-59.0,47.77000045776367,0.8999999761581421,-15.991875648498536,4.900000095367432,101.0,-2.5,52.7599983215332,-1.8700000047683716,-94.81270599365235,-110.0,-110.0,-44.81269836425781,-60.0,-60.0,-54.25,-49.0,-102.5,-99.12000274658203,-144.8126678466797,-160.0,-160.0,-62.0,-94.81270599365235,-110.0,-110.0,-12.0,-47.2400016784668,3.5,51.0,3.5],"Player_Pos_x":-9.81512451171875,"Player_Pos_y":-5.039997577667236,"health":5,"printerCounter":2,"desklCounter":2,"paperWorkCompleted":1,"TaskObjList":[1,1,1,1,1]}